,BTC_close
2015-08-07,277.89
2015-08-08,258.6
2015-08-09,263.87
2015-08-10,263.3
2015-08-11,269.03
2015-08-12,267.66
2015-08-13,263.44
2015-08-14,265.03
2015-08-15,260.52
2015-08-16,257.12
2015-08-17,257.13
2015-08-18,246.72
2015-08-19,226.0
2015-08-20,234.66
2015-08-21,232.4
2015-08-22,229.54
2015-08-23,226.75
2015-08-24,211.43
2015-08-25,220.51
2015-08-26,224.97
2015-08-27,222.73
2015-08-28,231.64
2015-08-29,228.5
2015-08-30,228.4
2015-08-31,229.47
2015-09-01,227.18
2015-09-02,228.63
2015-09-03,226.2
2015-09-04,230.25
2015-09-05,233.67
2015-09-06,239.86
2015-09-07,239.58
2015-09-08,243.24
2015-09-09,237.41
2015-09-10,238.08
2015-09-11,239.9
2015-09-12,235.6
2015-09-13,230.19
2015-09-14,229.91
2015-09-15,229.53
2015-09-16,228.6
2015-09-17,232.72
2015-09-18,232.21
2015-09-19,231.11
2015-09-20,231.09
2015-09-21,226.33
2015-09-22,230.01
2015-09-23,229.89
2015-09-24,233.76
2015-09-25,235.03
2015-09-26,234.3
2015-09-27,232.5
2015-09-28,238.87
2015-09-29,236.71
2015-09-30,235.93
2015-10-01,237.05
2015-10-02,236.71
2015-10-03,238.58
2015-10-04,238.33
2015-10-05,240.15
2015-10-06,246.14
2015-10-07,242.98
2015-10-08,242.58
2015-10-09,244.04
2015-10-10,245.35
2015-10-11,247.65
2015-10-12,245.35
2015-10-13,248.78
2015-10-14,252.33
2015-10-15,254.44
2015-10-16,262.87
2015-10-17,269.58
2015-10-18,261.67
2015-10-19,263.82
2015-10-20,269.75
2015-10-21,267.11
2015-10-22,274.42
2015-10-23,276.92
2015-10-24,282.56
2015-10-25,287.86
2015-10-26,285.15
2015-10-27,294.66
2015-10-28,303.54
2015-10-29,313.63
2015-10-30,327.12
2015-10-31,311.24
2015-11-01,322.95
2015-11-02,359.28
2015-11-03,396.49
2015-11-04,400.89
2015-11-05,382.7
2015-11-06,369.81
2015-11-07,385.09
2015-11-08,371.56
2015-11-09,380.22
2015-11-10,336.69
2015-11-11,304.71
2015-11-12,333.85
2015-11-13,333.77
2015-11-14,331.77
2015-11-15,317.45
2015-11-16,330.21
2015-11-17,333.91
2015-11-18,335.92
2015-11-19,324.98
2015-11-20,321.12
2015-11-21,324.7
2015-11-22,322.78
2015-11-23,322.12
2015-11-24,318.35
2015-11-25,327.52
2015-11-26,353.74
2015-11-27,359.52
2015-11-28,355.83
2015-11-29,370.84
2015-11-30,377.97
2015-12-01,361.8
2015-12-02,359.98
2015-12-03,360.31
2015-12-04,361.67
2015-12-05,386.69
2015-12-06,393.38
2015-12-07,394.28
2015-12-08,410.67
2015-12-09,416.0
2015-12-10,415.49
2015-12-11,449.83
2015-12-12,432.29
2015-12-13,434.69
2015-12-14,442.0
2015-12-15,462.65
2015-12-16,453.98
2015-12-17,455.53
2015-12-18,463.18
2015-12-19,461.2
2015-12-20,441.78
2015-12-21,437.59
2015-12-22,437.03
2015-12-23,442.43
2015-12-24,452.98
2015-12-25,454.05
2015-12-26,415.37
2015-12-27,422.39
2015-12-28,421.76
2015-12-29,431.92
2015-12-30,427.15
2015-12-31,429.95
2016-01-01,433.99
2016-01-02,433.72
2016-01-03,430.7
2016-01-04,433.32
2016-01-05,431.2
2016-01-06,430.82
2016-01-07,457.05
2016-01-08,452.87
2016-01-09,448.31
2016-01-10,446.19
2016-01-11,447.72
2016-01-12,445.04
2016-01-13,432.18
2016-01-14,429.13
2016-01-15,372.26
2016-01-16,385.04
2016-01-17,382.47
2016-01-18,384.4
2016-01-19,379.46
2016-01-20,414.58
2016-01-21,410.24
2016-01-22,382.65
2016-01-23,388.61
2016-01-24,402.13
2016-01-25,392.76
2016-01-26,389.78
2016-01-27,395.02
2016-01-28,379.69
2016-01-29,380.29
2016-01-30,377.76
2016-01-31,369.84
2016-02-01,372.18
2016-02-02,373.92
2016-02-03,368.02
2016-02-04,390.65
2016-02-05,386.46
2016-02-06,376.68
2016-02-07,377.94
2016-02-08,372.63
2016-02-09,375.32
2016-02-10,381.88
2016-02-11,379.45
2016-02-12,384.04
2016-02-13,390.1
2016-02-14,405.5
2016-02-15,401.07
2016-02-16,406.42
2016-02-17,417.14
2016-02-18,421.4
2016-02-19,419.98
2016-02-20,440.06
2016-02-21,437.87
2016-02-22,437.79
2016-02-23,419.9
2016-02-24,422.72
2016-02-25,423.48
2016-02-26,427.32
2016-02-27,431.3
2016-02-28,432.47
2016-02-29,436.21
2016-03-01,434.04
2016-03-02,425.36
2016-03-03,419.56
2016-03-04,409.48
2016-03-05,399.0
2016-03-06,405.96
2016-03-07,414.87
2016-03-08,411.9
2016-03-09,412.76
2016-03-10,415.83
2016-03-11,419.11
2016-03-12,410.36
2016-03-13,412.41
2016-03-14,414.31
2016-03-15,415.13
2016-03-16,415.91
2016-03-17,418.16
2016-03-18,408.16
2016-03-19,408.69
2016-03-20,411.53
2016-03-21,411.11
2016-03-22,416.21
2016-03-23,416.98
2016-03-24,414.74
2016-03-25,415.71
2016-03-26,416.51
2016-03-27,424.57
2016-03-28,422.21
2016-03-29,415.0
2016-03-30,412.44
2016-03-31,415.66
2016-04-01,415.64
2016-04-02,418.51
2016-04-03,419.06
2016-04-04,419.33
2016-04-05,422.07
2016-04-06,421.26
2016-04-07,420.14
2016-04-08,417.69
2016-04-09,418.05
2016-04-10,420.25
2016-04-11,421.43
2016-04-12,424.74
2016-04-13,423.47
2016-04-14,424.02
2016-04-15,428.67
2016-04-16,430.05
2016-04-17,426.26
2016-04-18,427.69
2016-04-19,434.92
2016-04-20,441.16
2016-04-21,449.34
2016-04-22,445.28
2016-04-23,450.08
2016-04-24,457.56
2016-04-25,461.73
2016-04-26,466.0
2016-04-27,447.01
2016-04-28,448.48
2016-04-29,454.98
2016-04-30,448.53
2016-05-01,452.24
2016-05-02,444.18
2016-05-03,450.27
2016-05-04,445.8
2016-05-05,448.08
2016-05-06,459.56
2016-05-07,458.46
2016-05-08,457.87
2016-05-09,460.44
2016-05-10,449.36
2016-05-11,452.5
2016-05-12,454.43
2016-05-13,455.41
2016-05-14,456.44
2016-05-15,458.11
2016-05-16,454.87
2016-05-17,453.25
2016-05-18,454.22
2016-05-19,442.66
2016-05-20,442.11
2016-05-21,443.64
2016-05-22,439.62
2016-05-23,443.69
2016-05-24,446.11
2016-05-25,449.78
2016-05-26,453.3
2016-05-27,474.05
2016-05-28,524.22
2016-05-29,516.05
2016-05-30,532.26
2016-05-31,528.92
2016-06-01,537.4
2016-06-02,537.1
2016-06-03,567.03
2016-06-04,571.95
2016-06-05,574.91
2016-06-06,583.58
2016-06-07,575.58
2016-06-08,580.51
2016-06-09,574.69
2016-06-10,577.89
2016-06-11,591.6
2016-06-12,666.55
2016-06-13,700.07
2016-06-14,685.14
2016-06-15,690.77
2016-06-16,761.21
2016-06-17,743.9
2016-06-18,753.77
2016-06-19,761.04
2016-06-20,733.97
2016-06-21,667.38
2016-06-22,590.56
2016-06-23,620.84
2016-06-24,656.89
2016-06-25,663.52
2016-06-26,625.41
2016-06-27,644.66
2016-06-28,644.89
2016-06-29,636.54
2016-06-30,670.02
2016-07-01,674.57
2016-07-02,698.06
2016-07-03,661.64
2016-07-04,675.16
2016-07-05,663.67
2016-07-06,672.7
2016-07-07,635.25
2016-07-08,662.78
2016-07-09,651.83
2016-07-10,647.11
2016-07-11,646.71
2016-07-12,670.56
2016-07-13,661.15
2016-07-14,657.25
2016-07-15,664.2
2016-07-16,660.69
2016-07-17,676.33
2016-07-18,670.38
2016-07-19,671.1
2016-07-20,664.4
2016-07-21,664.62
2016-07-22,651.11
2016-07-23,655.16
2016-07-24,659.29
2016-07-25,654.0
2016-07-26,654.38
2016-07-27,654.54
2016-07-28,654.13
2016-07-29,655.43
2016-07-30,654.74
2016-07-31,621.87
2016-08-01,607.0
2016-08-02,513.43
2016-08-03,566.44
2016-08-04,576.22
2016-08-05,574.66
2016-08-06,586.45
2016-08-07,590.85
2016-08-08,589.24
2016-08-09,585.25
2016-08-10,590.94
2016-08-11,587.84
2016-08-12,587.14
2016-08-13,584.59
2016-08-14,569.06
2016-08-15,566.95
2016-08-16,580.19
2016-08-17,572.34
2016-08-18,573.39
2016-08-19,574.56
2016-08-20,582.61
2016-08-21,580.66
2016-08-22,587.47
2016-08-23,583.56
2016-08-24,579.66
2016-08-25,577.96
2016-08-26,579.37
2016-08-27,570.35
2016-08-28,574.98
2016-08-29,574.23
2016-08-30,577.32
2016-08-31,573.88
2016-09-01,571.99
2016-09-02,575.29
2016-09-03,598.84
2016-09-04,609.55
2016-09-05,605.76
2016-09-06,610.44
2016-09-07,613.21
2016-09-08,625.57
2016-09-09,623.16
2016-09-10,624.52
2016-09-11,605.61
2016-09-12,607.98
2016-09-13,608.61
2016-09-14,609.54
2016-09-15,608.11
2016-09-16,607.78
2016-09-17,607.08
2016-09-18,610.7
2016-09-19,609.85
2016-09-20,609.24
2016-09-21,597.16
2016-09-22,595.63
2016-09-23,602.92
2016-09-24,602.59
2016-09-25,601.49
2016-09-26,606.54
2016-09-27,605.47
2016-09-28,604.67
2016-09-29,604.7
2016-09-30,608.14
2016-10-01,613.41
2016-10-02,610.69
2016-10-03,611.6
2016-10-04,608.96
2016-10-05,611.82
2016-10-06,610.97
2016-10-07,616.03
2016-10-08,617.65
2016-10-09,615.77
2016-10-10,617.29
2016-10-11,640.45
2016-10-12,635.99
2016-10-13,635.6
2016-10-14,637.92
2016-10-15,637.03
2016-10-16,640.12
2016-10-17,637.37
2016-10-18,635.34
2016-10-19,629.06
2016-10-20,628.34
2016-10-21,630.45
2016-10-22,655.48
2016-10-23,653.03
2016-10-24,650.49
2016-10-25,651.0
2016-10-26,674.67
2016-10-27,682.3
2016-10-28,686.24
2016-10-29,714.95
2016-10-30,697.27
2016-10-31,698.67
2016-11-01,726.76
2016-11-02,733.51
2016-11-03,684.87
2016-11-04,702.08
2016-11-05,702.11
2016-11-06,709.91
2016-11-07,705.4
2016-11-08,710.9
2016-11-09,721.42
2016-11-10,714.57
2016-11-11,714.97
2016-11-12,704.27
2016-11-13,701.97
2016-11-14,704.56
2016-11-15,711.1
2016-11-16,740.28
2016-11-17,737.53
2016-11-18,746.96
2016-11-19,747.89
2016-11-20,728.51
2016-11-21,736.19
2016-11-22,749.34
2016-11-23,741.07
2016-11-24,735.31
2016-11-25,740.39
2016-11-26,734.14
2016-11-27,729.42
2016-11-28,733.3
2016-11-29,732.56
2016-11-30,742.49
2016-12-01,752.63
2016-12-02,770.94
2016-12-03,764.24
2016-12-04,766.39
2016-12-05,754.34
2016-12-06,758.21
2016-12-07,765.56
2016-12-08,768.49
2016-12-09,770.48
2016-12-10,774.0
2016-12-11,767.91
2016-12-12,778.47
2016-12-13,778.74
2016-12-14,776.5
2016-12-15,775.21
2016-12-16,782.05
2016-12-17,787.17
2016-12-18,789.01
2016-12-19,789.79
2016-12-20,799.1
2016-12-21,829.21
2016-12-22,860.15
2016-12-23,917.17
2016-12-24,891.07
2016-12-25,891.07
2016-12-26,898.38
2016-12-27,925.78
2016-12-28,972.17
2016-12-29,971.08
2016-12-30,959.04
2016-12-31,963.38
2017-01-01,995.44
2017-01-02,1017.05
2017-01-03,1033.3
2017-01-04,1135.41
2017-01-05,989.35
2017-01-06,886.16
2017-01-07,888.87
2017-01-08,900.86
2017-01-09,899.78
2017-01-10,904.37
2017-01-11,785.43
2017-01-12,810.11
2017-01-13,824.83
2017-01-14,819.63
2017-01-15,821.17
2017-01-16,827.34
2017-01-17,899.66
2017-01-18,872.03
2017-01-19,895.21
2017-01-20,892.91
2017-01-21,919.84
2017-01-22,918.84
2017-01-23,921.46
2017-01-24,893.75
2017-01-25,894.41
2017-01-26,915.56
2017-01-27,918.01
2017-01-28,918.51
2017-01-29,914.55
2017-01-30,920.73
2017-01-31,965.49
2017-02-01,982.43
2017-02-02,1003.97
2017-02-03,1013.02
2017-02-04,1031.85
2017-02-05,1016.11
2017-02-06,1024.67
2017-02-07,1049.56
2017-02-08,1055.49
2017-02-09,978.96
2017-02-10,997.61
2017-02-11,1008.32
2017-02-12,996.52
2017-02-13,995.36
2017-02-14,1008.34
2017-02-15,1008.19
2017-02-16,1031.93
2017-02-17,1049.41
2017-02-18,1052.28
2017-02-19,1048.89
2017-02-20,1077.56
2017-02-21,1119.03
2017-02-22,1120.46
2017-02-23,1171.91
2017-02-24,1176.49
2017-02-25,1149.05
2017-02-26,1171.58
2017-02-27,1188.83
2017-02-28,1189.27
2017-03-01,1222.66
2017-03-02,1255.47
2017-03-03,1283.3
2017-03-04,1264.32
2017-03-05,1271.22
2017-03-06,1277.01
2017-03-07,1232.69
2017-03-08,1146.97
2017-03-09,1191.33
2017-03-10,1112.39
2017-03-11,1179.22
2017-03-12,1225.11
2017-03-13,1238.19
2017-03-14,1243.14
2017-03-15,1253.43
2017-03-16,1172.88
2017-03-17,1071.71
2017-03-18,971.38
2017-03-19,1022.6
2017-03-20,1047.51
2017-03-21,1121.29
2017-03-22,1044.72
2017-03-23,1035.03
2017-03-24,939.7
2017-03-25,966.3
2017-03-26,969.44
2017-03-27,1045.14
2017-03-28,1044.42
2017-03-29,1041.9
2017-03-30,1037.91
2017-03-31,1079.11
2017-04-01,1086.12
2017-04-02,1097.4
2017-04-03,1147.56
2017-04-04,1141.77
2017-04-05,1129.87
2017-04-06,1188.7
2017-04-07,1190.49
2017-04-08,1180.78
2017-04-09,1204.34
2017-04-10,1206.71
2017-04-11,1220.74
2017-04-12,1212.53
2017-04-13,1176.2
2017-04-14,1177.33
2017-04-15,1176.99
2017-04-16,1176.8
2017-04-17,1194.01
2017-04-18,1206.09
2017-04-19,1215.2
2017-04-20,1238.09
2017-04-21,1249.64
2017-04-22,1240.89
2017-04-23,1249.14
2017-04-24,1248.18
2017-04-25,1264.31
2017-04-26,1286.63
2017-04-27,1332.91
2017-04-28,1329.62
2017-04-29,1336.28
2017-04-30,1351.91
2017-05-01,1415.81
2017-05-02,1445.93
2017-05-03,1485.55
2017-05-04,1516.76
2017-05-05,1507.77
2017-05-06,1545.29
2017-05-07,1554.45
2017-05-08,1664.47
2017-05-09,1697.5
2017-05-10,1752.31
2017-05-11,1819.29
2017-05-12,1686.39
2017-05-13,1763.74
2017-05-14,1772.55
2017-05-15,1708.92
2017-05-16,1729.34
2017-05-17,1801.3
2017-05-18,1880.99
2017-05-19,1962.0
2017-05-20,2040.18
2017-05-21,2044.19
2017-05-22,2124.41
2017-05-23,2272.58
2017-05-24,2445.28
2017-05-25,2307.22
2017-05-26,2244.89
2017-05-27,2052.43
2017-05-28,2189.02
2017-05-29,2278.21
2017-05-30,2192.55
2017-05-31,2303.34
2017-06-01,2412.65
2017-06-02,2492.6
2017-06-03,2545.43
2017-06-04,2524.06
2017-06-05,2704.96
2017-06-06,2870.5
2017-06-07,2691.51
2017-06-08,2798.78
2017-06-09,2811.43
2017-06-10,2900.25
2017-06-11,2973.45
2017-06-12,2656.77
2017-06-13,2712.99
2017-06-14,2467.27
2017-06-15,2442.46
2017-06-16,2508.58
2017-06-17,2655.1
2017-06-18,2539.56
2017-06-19,2616.82
2017-06-20,2754.38
2017-06-21,2677.62
2017-06-22,2722.84
2017-06-23,2710.37
2017-06-24,2590.05
2017-06-25,2541.62
2017-06-26,2446.05
2017-06-27,2583.75
2017-06-28,2577.74
2017-06-29,2558.37
2017-06-30,2480.61
2017-07-01,2424.61
2017-07-02,2536.46
2017-07-03,2572.47
2017-07-04,2617.32
2017-07-05,2627.86
2017-07-06,2614.24
2017-07-07,2513.88
2017-07-08,2564.86
2017-07-09,2511.43
2017-07-10,2344.02
2017-07-11,2324.29
2017-07-12,2403.09
2017-07-13,2362.44
2017-07-14,2234.17
2017-07-15,1975.08
2017-07-16,1914.09
2017-07-17,2233.39
2017-07-18,2320.23
2017-07-19,2282.58
2017-07-20,2866.02
2017-07-21,2675.08
2017-07-22,2836.53
2017-07-23,2756.61
2017-07-24,2763.42
2017-07-25,2582.58
2017-07-26,2559.21
2017-07-27,2691.88
2017-07-28,2806.75
2017-07-29,2733.5
2017-07-30,2766.49
2017-07-31,2883.27
2017-08-01,2746.99
2017-08-02,2720.53
2017-08-03,2809.99
2017-08-04,2878.49
2017-08-05,3262.8
2017-08-06,3232.03
2017-08-07,3401.91
2017-08-08,3429.38
2017-08-09,3348.79
2017-08-10,3425.67
2017-08-11,3654.37
2017-08-12,3871.62
2017-08-13,4062.6
2017-08-14,4327.94
2017-08-15,4161.66
2017-08-16,4387.4
2017-08-17,4278.92
2017-08-18,4105.37
2017-08-19,4150.45
2017-08-20,4066.6
2017-08-21,4005.1
2017-08-22,4089.7
2017-08-23,4141.09
2017-08-24,4318.35
2017-08-25,4364.41
2017-08-26,4352.3
2017-08-27,4345.75
2017-08-28,4390.31
2017-08-29,4597.31
2017-08-30,4583.02
2017-08-31,4735.11
2017-09-01,4921.85
2017-09-02,4573.8
2017-09-03,4612.92
2017-09-04,4267.45
2017-09-05,4409.08
2017-09-06,4618.71
2017-09-07,4635.6
2017-09-08,4326.45
2017-09-09,4335.13
2017-09-10,4245.89
2017-09-11,4217.9
2017-09-12,4158.92
2017-09-13,3870.29
2017-09-14,3243.08
2017-09-15,3713.76
2017-09-16,3698.92
2017-09-17,3689.61
2017-09-18,4100.28
2017-09-19,3907.96
2017-09-20,3882.16
2017-09-21,3617.27
2017-09-22,3600.83
2017-09-23,3788.02
2017-09-24,3667.52
2017-09-25,3932.83
2017-09-26,3892.7
2017-09-27,4212.2
2017-09-28,4195.65
2017-09-29,4172.79
2017-09-30,4360.62
2017-10-01,4403.09
2017-10-02,4401.32
2017-10-03,4314.18
2017-10-04,4218.66
2017-10-05,4321.44
2017-10-06,4371.94
2017-10-07,4435.81
2017-10-08,4611.7
2017-10-09,4777.49
2017-10-10,4763.36
2017-10-11,4824.2
2017-10-12,5432.62
2017-10-13,5637.26
2017-10-14,5824.71
2017-10-15,5688.14
2017-10-16,5759.33
2017-10-17,5598.58
2017-10-18,5575.83
2017-10-19,5698.65
2017-10-20,5993.11
2017-10-21,6006.65
2017-10-22,5982.86
2017-10-23,5903.61
2017-10-24,5513.08
2017-10-25,5734.0
2017-10-26,5887.61
2017-10-27,5764.56
2017-10-28,5726.61
2017-10-29,6147.52
2017-10-30,6124.28
2017-10-31,6451.24
2017-11-01,6737.78
2017-11-02,7024.81
2017-11-03,7152.12
2017-11-04,7363.8
2017-11-05,7389.55
2017-11-06,6959.23
2017-11-07,7102.75
2017-11-08,7444.36
2017-11-09,7129.59
2017-11-10,6565.8
2017-11-11,6339.86
2017-11-12,5878.13
2017-11-13,6522.45
2017-11-14,6597.06
2017-11-15,7283.22
2017-11-16,7853.68
2017-11-17,7699.95
2017-11-18,7780.91
2017-11-19,8042.64
2017-11-20,8244.69
2017-11-21,8099.97
2017-11-22,8234.55
2017-11-23,8013.41
2017-11-24,8200.8
2017-11-25,8754.69
2017-11-26,9318.42
2017-11-27,9733.2
2017-11-28,9906.04
2017-11-29,9837.86
2017-11-30,9946.76
2017-12-01,10861.47
2017-12-02,10912.73
2017-12-03,11246.21
2017-12-04,11623.91
2017-12-05,11667.13
2017-12-06,13749.57
2017-12-07,16850.31
2017-12-08,16047.61
2017-12-09,14843.42
2017-12-10,15059.6
2017-12-11,16732.47
2017-12-12,17083.9
2017-12-13,16286.82
2017-12-14,16467.91
2017-12-15,17604.85
2017-12-16,19345.49
2017-12-17,19065.71
2017-12-18,18972.32
2017-12-19,17523.7
2017-12-20,16461.97
2017-12-21,15632.12
2017-12-22,13664.97
2017-12-23,14396.46
2017-12-24,13789.95
2017-12-25,13833.49
2017-12-26,15756.56
2017-12-27,15416.64
2017-12-28,14398.7
2017-12-29,14392.57
2017-12-30,12531.52
2017-12-31,13850.4
2018-01-01,13444.88
2018-01-02,14754.13
2018-01-03,15156.62
2018-01-04,15180.08
2018-01-05,16954.78
2018-01-06,17172.3
2018-01-07,16228.16
2018-01-08,14976.17
2018-01-09,14468.5
2018-01-10,14919.49
2018-01-11,13308.06
2018-01-12,13841.19
2018-01-13,14243.12
2018-01-14,13638.63
2018-01-15,13631.98
2018-01-16,11282.49
2018-01-17,11162.7
2018-01-18,11175.52
2018-01-19,11521.76
2018-01-20,12783.94
2018-01-21,11549.93
2018-01-22,10814.52
2018-01-23,10858.23
2018-01-24,11429.02
2018-01-25,11175.87
2018-01-26,11104.2
2018-01-27,11459.71
2018-01-28,11767.74
2018-01-29,11233.95
2018-01-30,10107.26
2018-01-31,10226.86
2018-02-01,9114.72
2018-02-02,8870.82
2018-02-03,9251.27
2018-02-04,8218.05
2018-02-05,6937.08
2018-02-06,7701.25
2018-02-07,7592.72
2018-02-08,8260.69
2018-02-09,8696.83
2018-02-10,8569.29
2018-02-11,8084.61
2018-02-12,8911.27
2018-02-13,8544.69
2018-02-14,9485.64
2018-02-15,10033.75
2018-02-16,10188.73
2018-02-17,11097.21
2018-02-18,10417.23
2018-02-19,11182.28
2018-02-20,11256.43
2018-02-21,10481.66
2018-02-22,9847.96
2018-02-23,10175.51
2018-02-24,9705.73
2018-02-25,9610.11
2018-02-26,10326.5
2018-02-27,10594.76
2018-02-28,10334.44
2018-03-01,10929.37
2018-03-02,11043.12
2018-03-03,11465.36
2018-03-04,11504.42
2018-03-05,11440.73
2018-03-06,10735.45
2018-03-07,9928.56
2018-03-08,9316.72
2018-03-09,9252.76
2018-03-10,8797.27
2018-03-11,9544.84
2018-03-12,9142.15
2018-03-13,9160.12
2018-03-14,8217.7
2018-03-15,8268.41
2018-03-16,8283.23
2018-03-17,7883.45
2018-03-18,8215.4
2018-03-19,8623.14
2018-03-20,8920.71
2018-03-21,8911.35
2018-03-22,8724.98
2018-03-23,8934.8
2018-03-24,8548.06
2018-03-25,8472.84
2018-03-26,8152.2
2018-03-27,7808.48
2018-03-28,7959.78
2018-03-29,7106.62
2018-03-30,6853.76
2018-03-31,6943.77
2018-04-01,6835.84
2018-04-02,7074.6
2018-04-03,7434.3
2018-04-04,6815.5
2018-04-05,6790.45
2018-04-06,6634.86
2018-04-07,6917.2
2018-04-08,7049.92
2018-04-09,6789.53
2018-04-10,6871.07
2018-04-11,6977.13
2018-04-12,7927.73
2018-04-13,7899.11
2018-04-14,8022.51
2018-04-15,8376.73
2018-04-16,8079.77
2018-04-17,7921.63
2018-04-18,8189.96
2018-04-19,8301.82
2018-04-20,8877.08
2018-04-21,8935.72
2018-04-22,8823.36
2018-04-23,8968.25
2018-04-24,9655.77
2018-04-25,8873.62
2018-04-26,9282.12
2018-04-27,8938.47
2018-04-28,9351.47
2018-04-29,9407.04
2018-04-30,9248.45
2018-05-01,9077.28
2018-05-02,9232.19
2018-05-03,9745.04
2018-05-04,9699.61
2018-05-05,9845.9
2018-05-06,9644.92
2018-05-07,9377.81
2018-05-08,9196.13
2018-05-09,9321.16
2018-05-10,9032.22
2018-05-11,8421.0
2018-05-12,8486.67
2018-05-13,8709.46
2018-05-14,8672.9
2018-05-15,8480.16
2018-05-16,8344.78
2018-05-17,8071.04
2018-05-18,8247.91
2018-05-19,8249.24
2018-05-20,8533.0
2018-05-21,8419.65
2018-05-22,7992.75
2018-05-23,7505.77
2018-05-24,7584.74
2018-05-25,7475.36
2018-05-26,7355.06
2018-05-27,7362.23
2018-05-28,7118.88
2018-05-29,7474.75
2018-05-30,7393.02
2018-05-31,7502.15
2018-06-01,7530.55
2018-06-02,7643.26
2018-06-03,7719.75
2018-06-04,7503.2
2018-06-05,7629.4
2018-06-06,7661.79
2018-06-07,7700.11
2018-06-08,7627.52
2018-06-09,7513.69
2018-06-10,6773.72
2018-06-11,6887.37
2018-06-12,6556.94
2018-06-13,6310.43
2018-06-14,6643.26
2018-06-15,6396.71
2018-06-16,6503.1
2018-06-17,6457.78
2018-06-18,6714.82
2018-06-19,6741.28
2018-06-20,6761.27
2018-06-21,6720.64
2018-06-22,6051.47
2018-06-23,6166.54
2018-06-24,6157.78
2018-06-25,6260.35
2018-06-26,6088.39
2018-06-27,6141.57
2018-06-28,5871.28
2018-06-29,6203.8
2018-06-30,6385.38
2018-07-01,6339.04
2018-07-02,6615.66
2018-07-03,6509.58
2018-07-04,6590.06
2018-07-05,6534.81
2018-07-06,6602.02
2018-07-07,6758.08
2018-07-08,6707.38
2018-07-09,6668.84
2018-07-10,6306.85
2018-07-11,6394.36
2018-07-12,6253.6
2018-07-13,6229.83
2018-07-14,6268.75
2018-07-15,6364.26
2018-07-16,6740.55
2018-07-17,7326.7
2018-07-18,7383.39
2018-07-19,7477.5
2018-07-20,7333.93
2018-07-21,7405.4
2018-07-22,7398.64
2018-07-23,7718.0
2018-07-24,8395.82
2018-07-25,8170.23
2018-07-26,7937.25
2018-07-27,8182.89
2018-07-28,8230.87
2018-07-29,8216.78
2018-07-30,8176.06
2018-07-31,7735.3
2018-08-01,7610.9
2018-08-02,7542.34
2018-08-03,7417.6
2018-08-04,7017.89
2018-08-05,7042.39
2018-08-06,6945.78
2018-08-07,6723.21
2018-08-08,6285.02
2018-08-09,6543.24
2018-08-10,6153.41
2018-08-11,6242.54
2018-08-12,6322.92
2018-08-13,6263.2
2018-08-14,6199.6
2018-08-15,6274.22
2018-08-16,6323.81
2018-08-17,6591.16
2018-08-18,6405.71
2018-08-19,6502.18
2018-08-20,6269.9
2018-08-21,6491.11
2018-08-22,6366.13
2018-08-23,6538.95
2018-08-24,6708.96
2018-08-25,6749.56
2018-08-26,6720.6
2018-08-27,6915.73
2018-08-28,7091.38
2018-08-29,7052.0
2018-08-30,6998.76
2018-08-31,7026.96
2018-09-01,7203.46
2018-09-02,7301.26
2018-09-03,7270.05
2018-09-04,7369.86
2018-09-05,6705.03
2018-09-06,6515.42
2018-09-07,6411.78
2018-09-08,6200.16
2018-09-09,6249.07
2018-09-10,6324.43
2018-09-11,6295.54
2018-09-12,6337.11
2018-09-13,6492.0
2018-09-14,6486.01
2018-09-15,6522.08
2018-09-16,6502.44
2018-09-17,6261.48
2018-09-18,6346.44
2018-09-19,6398.8
2018-09-20,6505.9
2018-09-21,6762.06
2018-09-22,6716.6
2018-09-23,6702.7
2018-09-24,6583.53
2018-09-25,6437.74
2018-09-26,6462.6
2018-09-27,6686.13
2018-09-28,6635.38
2018-09-29,6603.75
2018-09-30,6623.71
2018-10-01,6594.98
2018-10-02,6525.47
2018-10-03,6492.26
2018-10-04,6579.79
2018-10-05,6632.87
2018-10-06,6589.94
2018-10-07,6601.15
2018-10-08,6650.07
2018-10-09,6631.79
2018-10-10,6581.07
2018-10-11,6209.47
2018-10-12,6250.85
2018-10-13,6267.27
2018-10-14,6277.73
2018-10-15,6612.36
2018-10-16,6583.05
2018-10-17,6574.52
2018-10-18,6488.72
2018-10-19,6469.28
2018-10-20,6490.56
2018-10-21,6509.87
2018-10-22,6483.23
2018-10-23,6470.22
2018-10-24,6476.25
2018-10-25,6462.77
2018-10-26,6457.21
2018-10-27,6470.17
2018-10-28,6470.74
2018-10-29,6313.91
2018-10-30,6309.11
2018-10-31,6342.61
2018-11-01,6381.3
2018-11-02,6394.66
2018-11-03,6376.32
2018-11-04,6467.05
2018-11-05,6433.74
2018-11-06,6479.72
2018-11-07,6529.68
2018-11-08,6446.06
2018-11-09,6377.99
2018-11-10,6396.37
2018-11-11,6408.18
2018-11-12,6375.08
2018-11-13,6339.17
2018-11-14,5741.47
2018-11-15,5647.5
2018-11-16,5586.27
2018-11-17,5568.94
2018-11-18,5615.26
2018-11-19,4809.62
2018-11-20,4441.81
2018-11-21,4593.04
2018-11-22,4320.68
2018-11-23,4343.42
2018-11-24,3854.11
2018-11-25,4004.15
2018-11-26,3784.59
2018-11-27,3822.99
2018-11-28,4263.55
2018-11-29,4286.69
2018-11-30,4009.67
2018-12-01,4197.46
2018-12-02,4143.86
2018-12-03,3871.41
2018-12-04,3948.44
2018-12-05,3737.53
2018-12-06,3485.18
2018-12-07,3420.57
2018-12-08,3461.07
2018-12-09,3592.84
2018-12-10,3467.16
2018-12-11,3401.02
2018-12-12,3485.59
2018-12-13,3305.11
2018-12-14,3235.48
2018-12-15,3232.51
2018-12-16,3255.37
2018-12-17,3548.19
2018-12-18,3715.85
2018-12-19,3736.54
2018-12-20,4137.66
2018-12-21,3898.81
2018-12-22,4045.24
2018-12-23,4007.63
2018-12-24,4081.95
2018-12-25,3834.73
2018-12-26,3848.78
2018-12-27,3646.09
2018-12-28,3947.86
2018-12-29,3797.06
2018-12-30,3896.21
2018-12-31,3747.39
2019-01-01,3880.15
2019-01-02,3961.01
2019-01-03,3835.86
2019-01-04,3874.06
2019-01-05,3855.39
2019-01-06,4102.85
2019-01-07,4050.4
2019-01-08,4040.75
2019-01-09,4048.34
2019-01-10,3668.15
2019-01-11,3669.2
2019-01-12,3664.38
2019-01-13,3551.24
2019-01-14,3703.9
2019-01-15,3621.24
2019-01-16,3643.99
2019-01-17,3685.3
2019-01-18,3648.05
2019-01-19,3729.78
2019-01-20,3567.73
2019-01-21,3571.92
2019-01-22,3602.04
2019-01-23,3572.05
2019-01-24,3598.52
2019-01-25,3582.89
2019-01-26,3596.5
2019-01-27,3565.08
2019-01-28,3453.42
2019-01-29,3418.25
2019-01-30,3467.21
2019-01-31,3434.13
2019-02-01,3461.63
2019-02-02,3508.68
2019-02-03,3449.62
2019-02-04,3431.24
2019-02-05,3447.66
2019-02-06,3394.89
2019-02-07,3375.33
2019-02-08,3660.03
2019-02-09,3652.26
2019-02-10,3685.14
2019-02-11,3611.34
2019-02-12,3617.41
2019-02-13,3605.87
2019-02-14,3588.72
2019-02-15,3593.49
2019-02-16,3617.24
2019-02-17,3670.92
2019-02-18,3912.57
2019-02-19,3924.24
2019-02-20,3974.05
2019-02-21,3937.04
2019-02-22,3983.53
2019-02-23,4149.09
2019-02-24,3771.62
2019-02-25,3845.51
2019-02-26,3817.88
2019-02-27,3830.72
2019-02-28,3823.37
2019-03-01,3831.48
2019-03-02,3842.94
2019-03-03,3812.31
2019-03-04,3731.28
2019-03-05,3874.18
2019-03-06,3874.98
2019-03-07,3882.61
2019-03-08,3868.02
2019-03-09,3947.74
2019-03-10,3929.84
2019-03-11,3874.89
2019-03-12,3888.57
2019-03-13,3878.44
2019-03-14,3881.44
2019-03-15,3927.08
2019-03-16,4027.01
2019-03-17,3998.0
2019-03-18,3988.85
2019-03-19,4024.14
2019-03-20,4056.75
2019-03-21,3996.93
2019-03-22,4000.84
2019-03-23,4007.21
2019-03-24,3994.11
2019-03-25,3924.55
2019-03-26,3942.22
2019-03-27,4045.98
2019-03-28,4036.45
2019-03-29,4111.38
2019-03-30,4118.13
2019-03-31,4112.69
2019-04-01,4151.32
2019-04-02,4906.93
2019-04-03,4976.59
2019-04-04,4913.36
2019-04-05,5047.23
2019-04-06,5057.25
2019-04-07,5201.16
2019-04-08,5294.09
2019-04-09,5201.3
2019-04-10,5318.6
2019-04-11,5048.56
2019-04-12,5081.5
2019-04-13,5080.66
2019-04-14,5165.59
2019-04-15,5037.27
2019-04-16,5212.81
2019-04-17,5236.26
2019-04-18,5289.75
2019-04-19,5295.53
2019-04-20,5326.18
2019-04-21,5305.74
2019-04-22,5394.67
2019-04-23,5539.1
2019-04-24,5454.58
2019-04-25,5162.67
2019-04-26,5234.09
2019-04-27,5229.48
2019-04-28,5272.45
2019-04-29,5237.96
2019-04-30,5350.64
2019-05-01,5389.54
2019-05-02,5500.72
2019-05-03,5753.38
2019-05-04,5840.08
2019-05-05,5794.14
2019-05-06,5748.17
2019-05-07,5819.57
2019-05-08,5998.71
2019-05-09,6171.96
2019-05-10,6358.29
2019-05-11,7191.36
2019-05-12,6977.63
2019-05-13,7806.36
2019-05-14,7980.13
2019-05-15,8183.83
2019-05-16,7874.11
2019-05-17,7371.96
2019-05-18,7266.08
2019-05-19,8193.14
2019-05-20,7998.29
2019-05-21,7947.93
2019-05-22,7626.89
2019-05-23,7876.5
2019-05-24,7996.4
2019-05-25,8059.13
2019-05-26,8726.23
2019-05-27,8785.17
2019-05-28,8718.85
2019-05-29,8664.56
2019-05-30,8276.25
2019-05-31,8550.67
2019-06-01,8555.87
2019-06-02,8737.91
2019-06-03,8114.49
2019-06-04,7677.47
2019-06-05,7791.29
2019-06-06,7807.36
2019-06-07,8002.63
2019-06-08,7933.78
2019-06-09,7643.44
2019-06-10,8021.0
2019-06-11,7917.32
2019-06-12,8174.14
2019-06-13,8235.57
2019-06-14,8693.96
2019-06-15,8853.56
2019-06-16,8979.18
2019-06-17,9336.01
2019-06-18,9081.71
2019-06-19,9280.54
2019-06-20,9536.85
2019-06-21,10218.87
2019-06-22,10689.54
2019-06-23,10855.99
2019-06-24,11035.74
2019-06-25,11740.34
2019-06-26,12913.28
2019-06-27,11154.09
2019-06-28,12355.06
2019-06-29,11884.1
2019-06-30,10769.05
2019-07-01,10591.87
2019-07-02,10844.13
2019-07-03,11981.61
2019-07-04,11156.52
2019-07-05,10993.25
2019-07-06,11248.94
2019-07-07,11474.28
2019-07-08,12296.16
2019-07-09,12567.02
2019-07-10,12099.12
2019-07-11,11343.12
2019-07-12,11797.37
2019-07-13,11363.97
2019-07-14,10204.41
2019-07-15,10850.26
2019-07-16,9423.44
2019-07-17,9696.15
2019-07-18,10638.35
2019-07-19,10532.94
2019-07-20,10759.42
2019-07-21,10586.71
2019-07-22,10325.87
2019-07-23,9854.15
2019-07-24,9772.14
2019-07-25,9882.43
2019-07-26,9847.45
2019-07-27,9478.32
2019-07-28,9531.77
2019-07-29,9506.93
2019-07-30,9595.52
2019-07-31,10089.25
2019-08-01,10409.79
2019-08-02,10528.99
2019-08-03,10820.41
2019-08-04,10978.91
2019-08-05,11807.96
2019-08-06,11467.1
2019-08-07,11974.28
2019-08-08,11982.8
2019-08-09,11865.21
2019-08-10,11293.59
2019-08-11,11549.06
2019-08-12,11387.41
2019-08-13,10872.0
2019-08-14,10031.89
2019-08-15,10308.51
2019-08-16,10360.43
2019-08-17,10220.75
2019-08-18,10326.25
2019-08-19,10922.16
2019-08-20,10770.76
2019-08-21,10131.67
2019-08-22,10104.11
2019-08-23,10410.49
2019-08-24,10150.07
2019-08-25,10141.75
2019-08-26,10364.91
2019-08-27,10175.47
2019-08-28,9722.83
2019-08-29,9492.81
2019-08-30,9587.25
2019-08-31,9624.54
2019-09-01,9768.36
2019-09-02,10387.5
2019-09-03,10625.1
2019-09-04,10585.2
2019-09-05,10556.16
2019-09-06,10309.91
2019-09-07,10491.96
2019-09-08,10420.88
2019-09-09,10314.88
2019-09-10,10109.46
2019-09-11,10165.01
2019-09-12,10428.96
2019-09-13,10372.29
2019-09-14,10365.56
2019-09-15,10313.02
2019-09-16,10271.79
2019-09-17,10198.62
2019-09-18,10163.38
2019-09-19,10281.03
2019-09-20,10176.38
2019-09-21,9988.38
2019-09-22,10036.98
2019-09-23,9694.6
2019-09-24,8542.54
2019-09-25,8446.97
2019-09-26,8074.99
2019-09-27,8201.36
2019-09-28,8223.65
2019-09-29,8065.26
2019-09-30,8314.62
2019-10-01,8326.64
2019-10-02,8391.52
2019-10-03,8246.3
2019-10-04,8168.05
2019-10-05,8172.48
2019-10-06,7868.31
2019-10-07,8215.11
2019-10-08,8191.87
2019-10-09,8593.16
2019-10-10,8596.57
2019-10-11,8278.05
2019-10-12,8316.66
2019-10-13,8296.34
2019-10-14,8363.94
2019-10-15,8173.48
2019-10-16,8014.39
2019-10-17,8082.46
2019-10-18,7972.62
2019-10-19,7973.63
2019-10-20,8247.25
2019-10-21,8223.25
2019-10-22,8034.5
2019-10-23,7479.54
2019-10-24,7444.2
2019-10-25,8671.1
2019-10-26,9258.98
2019-10-27,9550.6
2019-10-28,9222.23
2019-10-29,9432.86
2019-10-30,9169.86
2019-10-31,9157.52
2019-11-01,9260.59
2019-11-02,9311.99
2019-11-03,9221.61
2019-11-04,9421.54
2019-11-05,9323.61
2019-11-06,9347.27
2019-11-07,9208.52
2019-11-08,8772.31
2019-11-09,8822.19
2019-11-10,9045.85
2019-11-11,8726.31
2019-11-12,8815.14
2019-11-13,8773.82
2019-11-14,8640.42
2019-11-15,8468.57
2019-11-16,8498.94
2019-11-17,8515.28
2019-11-18,8190.16
2019-11-19,8133.57
2019-11-20,8093.6
2019-11-21,7632.59
2019-11-22,7292.2
2019-11-23,7339.24
2019-11-24,6930.09
2019-11-25,7138.23
2019-11-26,7170.11
2019-11-27,7531.5
2019-11-28,7442.33
2019-11-29,7769.38
2019-11-30,7571.77
2019-12-01,7420.53
2019-12-02,7320.94
2019-12-03,7313.64
2019-12-04,7207.78
2019-12-05,7406.75
2019-12-06,7558.58
2019-12-07,7514.86
2019-12-08,7539.7
2019-12-09,7350.62
2019-12-10,7233.84
2019-12-11,7212.01
2019-12-12,7199.39
2019-12-13,7261.72
2019-12-14,7080.29
2019-12-15,7132.39
2019-12-16,6897.33
2019-12-17,6635.84
2019-12-18,7294.53
2019-12-19,7159.26
2019-12-20,7203.41
2019-12-21,7159.47
2019-12-22,7517.58
2019-12-23,7326.6
2019-12-24,7260.91
2019-12-25,7202.72
2019-12-26,7207.23
2019-12-27,7253.82
2019-12-28,7316.23
2019-12-29,7399.49
2019-12-30,7234.44
2019-12-31,7183.88
2020-01-01,7189.94
2020-01-02,6965.72
2020-01-03,7339.7
2020-01-04,7357.5
2020-01-05,7359.96
2020-01-06,7762.69
2020-01-07,8160.36
2020-01-08,8045.15
2020-01-09,7817.35
2020-01-10,8190.31
2020-01-11,8024.58
2020-01-12,8181.49
2020-01-13,8106.56
2020-01-14,8820.95
2020-01-15,8813.21
2020-01-16,8719.63
2020-01-17,8894.83
2020-01-18,8909.28
2020-01-19,8702.59
2020-01-20,8634.03
2020-01-21,8724.84
2020-01-22,8667.26
2020-01-23,8394.28
2020-01-24,8431.78
2020-01-25,8345.88
2020-01-26,8602.37
2020-01-27,8898.94
2020-01-28,9391.97
